{"cameraMode":{"drawMode":0,"name":"Shaded","section":"Shading Mode"},"sceneLighting":true,"audioPlay":false,"sceneViewState":{"m_AlwaysRefresh":false,"showFog":true,"showSkybox":true,"showFlares":true,"showImageEffects":true,"showParticleSystems":true,"showVisualEffectGraphs":true,"m_FxEnabled":true},"in2DMode":false,"pivot":{"x":802.1759643554688,"y":14.399311065673829,"z":516.0467529296875},"rotation":{"x":-0.023834772408008577,"y":-0.9763228893280029,"z":0.15971514582633973,"w":-0.1439407914876938},"size":0.8660253882408142,"orthographic":false}