{"cameraMode":{"drawMode":0,"name":"Shaded","section":"Shading Mode"},"sceneLighting":true,"audioPlay":false,"sceneViewState":{"m_AlwaysRefresh":false,"showFog":true,"showSkybox":true,"showFlares":true,"showImageEffects":true,"showParticleSystems":true,"showVisualEffectGraphs":true,"m_FxEnabled":true},"in2DMode":false,"pivot":{"x":470.11151123046877,"y":12.50902271270752,"z":722.2818603515625},"rotation":{"x":0.49624812602996828,"y":0.013732303865253926,"z":-0.0079460134729743,"w":0.8681087493896484},"size":231.45950317382813,"orthographic":false}