{"cameraMode":{"drawMode":0,"name":"Shaded","section":"Shading Mode"},"sceneLighting":true,"audioPlay":false,"sceneViewState":{"m_AlwaysRefresh":false,"showFog":true,"showSkybox":true,"showFlares":true,"showImageEffects":true,"showParticleSystems":true,"showVisualEffectGraphs":true,"m_FxEnabled":true},"in2DMode":false,"pivot":{"x":784.5125732421875,"y":-1.4756397008895875,"z":485.2846374511719},"rotation":{"x":0.03223834186792374,"y":-0.9628812670707703,"z":0.1340545415878296,"w":0.23224098980426789},"size":14.246570587158204,"orthographic":false}