{"cameraMode":{"drawMode":0,"name":"Shaded","section":"Shading Mode"},"sceneLighting":false,"audioPlay":false,"sceneViewState":{"m_AlwaysRefresh":false,"showFog":true,"showSkybox":false,"showFlares":true,"showImageEffects":true,"showParticleSystems":true,"showVisualEffectGraphs":true,"m_FxEnabled":true},"in2DMode":false,"pivot":{"x":-6.646101951599121,"y":1.6589336395263672,"z":-7.09993314743042},"rotation":{"x":0.0037373716477304699,"y":-0.9909726977348328,"z":0.028564462438225747,"w":0.1312333643436432},"size":11.411661148071289,"orthographic":false}